Rank,Title,ASIN,Price_EUR,Rating,Reviews,URL
1,"Protector de Colchón Impermeable 90x190 cm, hasta 40 cm",B078C6QR1C,"12,62",4.6,47375,"https://www.amazon.es/dp/B078C6QR1C"
2,"Utopia Bedding Juego de Sabanas 4 Piezas, 150x200cm, Gris | Sábana Bajera, Sábana Plana y 2 Fundas de Almohada 50x75 - Cama 150 - Oeko-Tex Certificado - Poliéster Microfibra Cepillada",B075JJRFVV,"16,98",4.5,60937,"https://www.amazon.es/dp/B075JJRFVV"
3,"Amazon Basics Paquete de 6 Bolsas de vacío para Almacenamiento de Ropa, Incluyen Bomba Manual de vacío, con Cremallera, tamaño Extragrande,Jumbo, Transparente",B07RN64P2R,"13,52",4.5,156032,"https://www.amazon.es/dp/B07RN64P2R"
4,"Todocama Almohada Viscoelástica Aloe Vera (Pack 2 Unidades 70 cm), Núcleo Compacto Viscoelástico para Cervicales y Cuello, Firmeza Media-Alta, Doble Funda con Cremallera.",B0H1H86BF3,"29,99",4.5,199,"https://www.amazon.es/dp/B0H1H86BF3"
5,"De'Longhi EcoDecalk Descalcificador DLSC500, 5 Dosis De Descalcificación, Accesorio De Mantenimiento Para Máquina De Café, Ingredientes De Origen Vegetal, Botella Con 5 Dosis, 500ml",B008YETL18,"",4.8,122356,"https://www.amazon.es/dp/B008YETL18"
6,"Sparrow Botella Agua Acero Inoxidable 500ml/750ml/1L/1.2L Botella Termica | Cantimplora, Termo Agua, Isotermica, Caliente, Fria, Antifugas, Sin BPA, Lavavajillas, Gimnasio, Gym, Ciclismo, Deportiva",B0BZVH1KZD,"16,70",4.4,8875,"https://www.amazon.es/dp/B0BZVH1KZD"
7,"100 Etiquetas termoadhesivas personalizadas para ropa (PLANCHAR). Etiquetas de tela para planchar con CERTIFICADO ECOLÓGICO ideales para niños, bebés y abuelos. NOMBRE PERSONALIZADO.",B01KOAJ5M4,"9,99",4.5,6235,"https://www.amazon.es/dp/B01KOAJ5M4"
8,"edihome, Papel Freidora Aire, Air Fryer, 100 Unidades, 20-24 cm, BPA Free, Desechable, para Horno, Accesorios para Freidora sin Aceite de 5 a 8 litros (20-24 cm, Cuadrado)",B0D3VCV459,"7,50",4.6,8800,"https://www.amazon.es/dp/B0D3VCV459"
9,"PIKOLIN Pack 2 Almohadas Hotel Viscoelásticas 70cm Doble Funda | Pack 2 unidades | Memory Foam viscoelástico | Firmeza alta 11cm | Doble funda cremallera | Oeko-Tex",B00Y0OYIFU,"38,99",4.1,2858,"https://www.amazon.es/dp/B00Y0OYIFU"
10,"Amazon Basics Cartuchos filtrantes de Agua, 6 Unidad, Paquete de 1, Aptos y compatibles con Todas Las jarras BRITA Incl. PerfectFit & Jarras Amazon Basic",B084H8X4SW,"17,50",4.6,16657,"https://www.amazon.es/dp/B084H8X4SW"
11,"BRITA Cartucho Filtrante de Agua MAXTRA PRO Pure Performance (All-in-1) Pack 6 | Recambio original para todas las jarras BRITA para agua de sabor puro - filtra PFAS, cloro, cal y metales",B0BSXDVQG7,"28,52",4.7,17535,"https://www.amazon.es/dp/B0BSXDVQG7"
12,"TrendPlain Pulverizador Aceite Spray 470ml - 2 en 1 Spray Aceite Cocina, Dispensadora para Freidora de Aire, Ensaladas, Vinagre y Accesorios Cocina (1 unidad, Negro-1)",B0GGN7Z8VX,"9,49",4.6,27723,"https://www.amazon.es/dp/B0GGN7Z8VX"
13,"Cecotec Batidora de mano Power TitanBlack 1500 XL PerfectCream&Crush. 1500 W, Tecnología CrossBlades con Cuchillas de 4 hojas, Pie XL, Incluye Picadora, Varillas batidoras y Pasapurés",B08PKWD87W,"44,99",4.2,1614,"https://www.amazon.es/dp/B08PKWD87W"
14,"Amazon Basics Perchas de Terciopelo para Trajes - Paquete de 50, Marfil",B01M66MBWZ,"17,99",4.7,219008,"https://www.amazon.es/dp/B01M66MBWZ"
15,"Rowenta Pure Pop, Plancha de Vapor 1300 W para Viaje, Verde | Vapor continuo 20 g/min, Plancha y Purifica, Elimina pelusas, Cabezales reversibles, Elimina hasta el 99,99% de virus, DR2024",B0BY93HZHR,"31,99",4.3,5485,"https://www.amazon.es/dp/B0BY93HZHR"
16,"PORTENTUM Papel freidora aire 100 unidades de 20-24 cm Cuadrado. Para Air Fryer, Grado alimenticio con triple certificación BPA free, FDA y LFGB",B0C7SBTGYZ,"6,79",4.5,22515,"https://www.amazon.es/dp/B0C7SBTGYZ"
17,"Protector de Colchón Impermeable Viscosa 90 x 190 x 30 cm Ajustable | Protector de Colchón Impermeable con Elástico en Todo el Contorno, Calidad Hotelera, Certificado Oeko-Tex – Utopia Bedding",B07PDHNRND,"15,99",4.6,57944,"https://www.amazon.es/dp/B07PDHNRND"
18,"Todocama – Juego de 2 Fundas de Almohada, Microfibra Extra Suave, hipoalergénicas. Juego de 2-90x40 cm Blanco",B09X5GL8SL,"10,99",4.3,6339,"https://www.amazon.es/dp/B09X5GL8SL"
19,"Degrees Home Premium – Juego de Sábanas 135x190 cm 3 Piezas: Sábana Bajera Ajustable, Encimera y Funda de Almohada 135X45 – Microfibra Cepillada, Suave, Oeko-Tex Certificado",B0C9JJZ5RD,"17,93",4.2,2147,"https://www.amazon.es/dp/B0C9JJZ5RD"
20,"Philips Tostadora de pan 2 Ranuras, 8 Ajustes, Calientabollos, Negro | Rejilla calientabollos, 2 ranuras, 8 ajustes, descongelación, elevación alta, apagado auto (HD2581/90)",B01N9XBDTI,"21,99",4.5,61454,"https://www.amazon.es/dp/B01N9XBDTI"
21,"VACTechPro Aspiradora sin Cable,35kPa Escoba aspiradora sin Cable | 6 en 1 Inalámbrica con 35minutos de autonomía y batería extraíble,Ideal para Pelo de Mascota/Alfombra/Suelo Duro",B0D1KCLVPX,"94,99",4.4,5781,"https://www.amazon.es/dp/B0D1KCLVPX"
22,"Arcos Juego de Cuchillos Mondadores de 3 Piezas | Cuchillos de cocina peladores de acero inoxidable para frutas y verduras con mango de polipropileno. Serie Nova. Multicolor.",B0812BKN39,"",4.8,6774,"https://www.amazon.es/dp/B0812BKN39"
23,"Funda de Almohada 40x70 Algodón Reforzado (Pack de 2) - Blanco - Tela Apretada de 57 Hilos/cm² - Funda Almohada 40 x 70 - Certificación Oeko Tex - Dreamzie",B0BWNC18MM,"8,49",4.3,12618,"https://www.amazon.es/dp/B0BWNC18MM"
24,"APLI Kids 12146 - Barra de Pegamento Blanca 21 g | Libre de Solventes, Secado Instantáneo y Pegado Limpio.",B00GKBQKP2,"0,88",4.6,1752,"https://www.amazon.es/dp/B00GKBQKP2"
25,"Cecotec Colchón Viscoelástico Flow PureVital 1900 Medida 90x190. Multicapa, Altura 21cm, Firmeza Alta, Núcleo FoamVital, Doble Cara Dual System para Invierno y Verano",B0B57J6FFY,"",4.2,13894,"https://www.amazon.es/dp/B0B57J6FFY"
26,"Funda Protector de Colchón Impermeable 90 x 190 x 30 cm Cremallera | Protector de Colchón Antiácaros y Antichinches, Certificado Oeko-Tex, con Cierre de Cremallera – Utopia Bedding",B07ZHF4FVK,"17,99",4.4,26321,"https://www.amazon.es/dp/B07ZHF4FVK"
27,"Protector Colchón 60x120 cm Funda Colchón Impermeable de Algodón Sábana Impermeable Protectora para Cuna Cubre Colchón Transpirable Cover Hipoalergénico Antiácaros Antibact. Lavable a Máquina",B0DH566SV6,"9,49",4.4,19028,"https://www.amazon.es/dp/B0DH566SV6"
28,"BRITA ON TAP V-MF filtro agua de recambio para sistemas ON TAP y ON TAP PRO | 1x cartucho de recambio original (600L) reduce 99,999% de bacterias, PFAS, cloro, micropartículas y metales",B07YG63BQJ,"18,17",4.6,7884,"https://www.amazon.es/dp/B07YG63BQJ"
29,"Todocama Almohada viscoelástica Aloe Vera (Pack de 2 Unidades - 70 cm)",B07P1328L3,"42,90",4.5,4614,"https://www.amazon.es/dp/B07P1328L3"
30,"BRITA ON TAP V filtro agua de recambio para sistemas ON TAP y ON TAP PRO | 1x cartucho de recambio original (600L) reduce PFAS, cloro, partículas finas, metales y más sustancias que afectan el sabor",B0C7CVYDYN,"10,84",4.7,2334,"https://www.amazon.es/dp/B0C7CVYDYN"
